"University","Course","Acceptance Rate","Advantages","Disadvantages"
"RWTH Aachen","MS Data Science","~10-20%","Strong engineering focus, excellent industry connections, hands-on experience.","Highly competitive admission process."
"FAU Erlangen","MS Artificial Intelligence","~30%","Interdisciplinary approach, good research opportunities in AI.","Less recognition compared to top-tier universities."
"Heidelberg University","MS Data Science and Computer Science","~17%","Strong research output, good global rankings, diverse curriculum.","Competitive admission; may not have as many industry connections as RWTH Aachen."
"Freie Universität Berlin","MS Data Science","~47%","Strong emphasis on research, diverse elective options, good reputation in social sciences and humanities.","Higher living costs in Berlin; competitive environment."
"University of Freiburg","MS Computer Science (AI Specialization)","~33%","Beautiful campus, strong research focus, good international collaborations.","Less industry exposure compared to universities like RWTH Aachen."
"University of Hamburg","MS Data Science and AI","~30%","Good reputation in research, strong focus on ethics in data science, diverse career opportunities.","Larger student body might lead to less personalized attention."
"University of Tübingen","MS in Machine Learning","~20%","Strong focus on ML and AI research, beautiful location with a vibrant academic community.","Limited industry partnerships compared to more technical universities."
"University of Bonn","MSc Computer Science (Intelligent Systems)","~60%","High acceptance rate, strong research output, good reputation in intelligent systems.","May not be as recognized internationally as RWTH Aachen or TUM; broader focus may dilute technical depth."
"TU Darmstadt","MS in AI/ML","~30%","Strong engineering focus with practical applications, good industry connections.","Competitive admission; may have limited course offerings compared to larger universities."
"University of Stuttgart","MS in Computer Science","~53%","Good balance of theoretical and practical education, strong engineering background.","Lower global ranking compared to RWTH Aachen; may lack some high-profile industry partnerships."